category,filename,source_page,source_box_xywh,original_title_or_note
company-factory,company-factory/factory-forest-view.png,1,"91,265,496,155",cover forest landscape
company-factory,company-factory/factory-jumbo-roll-machine.png,1,"565,464,508,207",cover jumbo roll production line
company-factory,company-factory/factory-paper-rolls-workshop.png,1,"82,719,488,201",cover paper rolls workshop
company-factory,company-factory/factory-conveyor-detail.png,1,"440,1013,168,170",cover small conveyor/workshop image
company-factory,company-factory/factory-modern-workshop.png,1,"606,1014,516,239",cover modern production workshop
dining-napkins,dining-napkins/napkin-200-3ply-wd.png,2,"60,219,123,129",200三层WD
dining-napkins,dining-napkins/napkin-200-4ply-kraft.png,2,"472,220,135,130",200四层本色纸
dining-napkins,dining-napkins/napkin-200-4ply-white.png,2,"877,221,138,144",200四层W
dining-napkins,dining-napkins/napkin-200-3ply-kraft.png,2,"62,440,134,136",200三层本色
dining-napkins,dining-napkins/baoshijie-napkin.png,2,"479,450,118,134",保士洁餐巾纸
dining-napkins,dining-napkins/napkin-230a-16packs-90sheets.png,2,"880,447,122,130",16包(90张)230A纸
dining-napkins,dining-napkins/napkin-230a-4500-sheets.png,2,"63,667,121,136",4500张230A
dining-napkins,dining-napkins/napkin-230-2ply-wd.png,2,"468,669,122,135",230两层WD
dining-napkins,dining-napkins/napkin-23090-2ply-df.png,2,"875,669,132,136",23090两层DF
dining-napkins,dining-napkins/napkin-230-3ply-wd.png,2,"62,901,116,133",230三层WD
dining-napkins,dining-napkins/napkin-23015df-100sheets-60packs.png,2,"480,903,116,134",23015DF100张*60包
dining-napkins,dining-napkins/napkin-203-2ply-df.png,2,"878,903,126,129",203双层DF
dining-napkins,dining-napkins/napkin-250-2ply-df.png,2,"62,1137,130,126",250双层DF
dining-napkins,dining-napkins/napkin-230-2ply-kraft.png,2,"471,1139,113,123",230两层本色
dining-napkins,dining-napkins/napkin-230-3ply-kraft.png,2,"875,1137,116,126",230三层本色
dining-napkins,dining-napkins/napkin-250-2ply-wd.png,2,"61,1366,121,127",250双层WD
dining-napkins,dining-napkins/napkin-240-2ply-wd.png,2,"471,1348,124,145",240双层WD
dining-napkins,dining-napkins/napkin-250-3ply-wd.png,2,"876,1358,122,135",250三层WD
dining-napkins,dining-napkins/napkin-250-2ply-kraft.png,2,"60,1594,123,127",250双层本色
dining-napkins,dining-napkins/napkin-250-3ply-kraft.png,2,"470,1593,122,127",250三层本色
dining-napkins,dining-napkins/napkin-275-3ply-wd.png,2,"876,1593,118,127",275三层WD
dining-napkins,dining-napkins/napkin-275-2ply-wd.png,3,"60,221,126,126",275双层WD
dining-napkins,dining-napkins/napkin-275-2ply-kraft.png,3,"481,208,116,139",275双层本色
dining-napkins,dining-napkins/napkin-275-3ply-kraft.png,3,"874,215,124,131",275三层本色
dining-napkins,dining-napkins/napkin-280-2ply-wd.png,3,"59,454,118,123",280双层WD
dining-napkins,dining-napkins/napkin-280-3ply-wd.png,3,"467,455,119,123",280三层WD
dining-napkins,dining-napkins/napkin-280-3ply-kraft.png,3,"890,439,119,123",280三层本色纸
dining-napkins,dining-napkins/napkin-280-2ply-kraft.png,3,"61,668,122,137",280双层本色
dining-napkins,dining-napkins/napkin-300-2ply-df.png,3,"469,680,122,123",300双层DF
dining-napkins,dining-napkins/napkin-300-2ply-wd.png,3,"875,678,129,126",300双层WD
dining-napkins,dining-napkins/napkin-300-3ply-wd.png,3,"59,912,118,122",300三层WD
dining-napkins,dining-napkins/napkin-330-2ply-wd.png,3,"467,911,118,122",330双层WD
dining-napkins,dining-napkins/napkin-300-2ply-kraft.png,3,"874,913,117,122",300双层本色
dining-napkins,dining-napkins/napkin-300-3ply-kraft.png,3,"59,1137,120,125",300三层本色
dining-napkins,dining-napkins/napkin-330-3ply-wd.png,3,"467,1139,120,124",330三层WD
dining-napkins,dining-napkins/napkin-330-2ply-kraft.png,3,"875,1136,113,128",330双层本色
dining-napkins,dining-napkins/napkin-300-3ply-kraft-alt.png,3,"59,1366,111,125",300三层本色
dining-napkins,dining-napkins/napkin-330-2ply-wd-1-8-innerfold.png,3,"467,1365,119,126",1/8内折330双层WD
dining-napkins,dining-napkins/napkin-330-2ply-wd-1-8-suction.png,3,"875,1363,127,130",吸附式1/8折330双层WD
dining-napkins,dining-napkins/napkin-330-3ply-wd-1-8-innerfold.png,3,"61,1599,118,122",1/8内折330三层WD
dining-napkins,dining-napkins/napkin-330-3ply-wd-1-8-suction.png,3,"468,1589,114,132",吸附式1/8折330三层WD
dining-napkins,dining-napkins/napkin-330-2ply-kraft-1-8-innerfold.png,3,"873,1591,112,130",1/8内折330双层本色纸
dining-napkins,dining-napkins/napkin-330-3ply-kraft-1-8-innerfold.png,4,"61,222,121,126",1/8内折330三层本色纸
dining-napkins,dining-napkins/napkin-400-2ply-kraft.png,4,"470,219,122,129",400双层本色
dining-napkins,dining-napkins/napkin-400-2ply-wd.png,4,"876,221,118,128",400双层WD
dining-napkins,dining-napkins/napkin-400-3ply-wd.png,4,"61,453,123,126",400三层WD
dining-napkins,dining-napkins/napkin-400-2ply-df-1-8-innerfold-waistpack.png,4,"471,450,114,130",1/8内折上腰挎合400双层DF
dining-napkins,dining-napkins/dustfree-paper-40050.png,4,"876,444,135,135",40050无尘纸
dining-napkins,dining-napkins/napkin-400-1ply-df-1-8-suction.png,4,"63,670,118,137",吸附式1/8折400单层DF
dining-napkins,dining-napkins/napkin-400-3ply-wd-1-8-innerfold.png,4,"469,674,117,131",1/8内折400三层WD
dining-napkins,dining-napkins/napkin-400-2ply-df-1-8-suction.png,4,"875,683,130,124",吸附式1/8折400双层DF
dining-napkins,dining-napkins/napkin-400-2ply-kraft-1-8-innerfold.png,4,"63,903,129,133",1/8内折400双层本色纸
dining-napkins,dining-napkins/napkin-400-2ply-wd-1-8-innerfold.png,4,"470,907,131,128",1/8内折400双层WD
dining-napkins,dining-napkins/napkin-400-3ply-kraft-1-8-innerfold.png,4,"877,911,128,125",1/8内折400三层本色纸
dining-napkins,dining-napkins/napkin-400-3ply-df.png,4,"62,1145,114,120",400三层DF
dining-napkins,dining-napkins/napkin-42x40-2ply-wd-cutlery-fold.png,4,"470,1137,118,128",刀叉折42*40双层WD餐巾纸
dining-napkins,dining-napkins/napkin-400-3ply-kraft.png,4,"877,1136,118,128",400三层本色
dining-napkins,dining-napkins/dustfree-paper-42x4050-1-8-fold.png,4,"61,1376,121,118",1/8折42*4050无尘纸
dining-napkins,dining-napkins/colored-napkin-250-custom-size.png,4,"469,1376,106,118",250染色纸
dining-napkins,dining-napkins/dustfree-paper-42x40060-cutlery-fold.png,4,"878,1361,116,132",刀叉折42*40060无尘纸
dining-napkins,dining-napkins/dustfree-paper-4050-1-8-fold.png,4,"62,1588,128,135",1/8折4050无尘纸
dining-napkins,dining-napkins/dinner-napkin-38x42cm.png,4,"471,1590,120,133",38*42CM晚餐巾
dining-napkins,dining-napkins/napkin-33x17-1ply-df-highfold.png,4,"880,1593,118,129",高折33*17单层DF餐巾纸
dining-napkins,dining-napkins/dinner-napkin-35-5x42cm.png,5,"65,211,127,136",35.5*42CM晚餐巾
dining-napkins,dining-napkins/napkin-30x30-1ply-df.png,5,"472,219,120,128",30*30CM单层DF餐巾纸
dining-napkins,dining-napkins/dustfree-paper-42x4850-cutlery-fold.png,5,"877,217,115,130",刀叉折42*4850无尘纸
dining-napkins,dining-napkins/napkin-400-2ply-df-3to6color-logo.png,5,"64,443,112,134",400双层DF三色-六色LOGO
dining-napkins,dining-napkins/napkin-400-3ply-df-3to6color-logo.png,5,"471,443,108,134",400三层DF三色-六色LOGO
dining-napkins,dining-napkins/napkin-330-3ply-df-3to6color-logo.png,5,"878,443,114,135",330三层DF三色-六色LOGO
box-tissue,box-tissue/box-tissue-app161840250-2ply.png,5,"64,881,115,152",APP161840250-2抽纸
box-tissue,box-tissue/box-tissue-app181850200-2ply.png,5,"472,881,114,152",APP181850200-2抽纸
box-tissue,box-tissue/box-tissue-app161850200-2ply.png,5,"881,882,115,151",APP161850200-2抽纸
box-tissue,box-tissue/box-tissue-app181860200-2ply.png,5,"62,1107,115,156",APP181860200-2抽纸
box-tissue,box-tissue/box-tissue-app161890100-2ply.png,5,"472,1116,114,144",APP161890100-2抽纸
box-tissue,box-tissue/box-tissue-app181880100-2ply.png,5,"877,1118,114,144",APP181880100-2抽纸
box-tissue,box-tissue/box-tissue-app1818100100-2ply.png,5,"62,1345,113,147",APP1818100100-2抽纸
box-tissue,box-tissue/box-tissue-app2020100100-2ply.png,5,"475,1344,113,148",APP2020100100-2抽纸
box-tissue,box-tissue/box-tissue-app191866120-3ply.png,5,"877,1345,113,147",APP191866120-3抽纸
box-tissue,box-tissue/box-tissue-app1918100100-2ply.png,5,"64,1584,113,138",APP1918100100-2抽纸
box-tissue,box-tissue/box-tissue-small-square-towel-3ply.png,5,"473,1572,109,147",三层小方巾
box-tissue,box-tissue/box-tissue-small-square-towel.png,5,"877,1570,108,149",小方巾
box-tissue,box-tissue/box-tissue-kraft-small-square-towel.png,6,"55,213,109,147",本色纸小方巾
box-tissue,box-tissue/box-tissue-kraft-1751860150-2ply.png,6,"458,215,105,147",本色纸1751860150-2抽纸
box-tissue,box-tissue/box-tissue-kraft-small-square-towel-3ply.png,6,"868,215,104,147",本色纸三层小方巾
box-tissue,box-tissue/box-tissue-kraft-17518050150-3ply.png,6,"54,468,108,149",本色纸17518050150-3抽纸
box-tissue,box-tissue/box-tissue-kraft-202010080-3ply.png,6,"460,470,108,149",本色纸202010080-3抽纸
box-tissue,box-tissue/box-tissue-kraft-17518100100-2ply.png,6,"868,470,108,148",本色纸17518100100-2抽纸
box-tissue,box-tissue/box-tissue-premium-191850200-2ply.png,6,"54,720,115,150",高级191850200-2抽纸
box-tissue,box-tissue/box-tissue-premium-1918100100-2ply.png,6,"460,718,111,150",高级1918100100-2抽纸
box-tissue,box-tissue/box-tissue-premium-191860200-2ply.png,6,"869,719,113,150",高级191860200-2抽纸
box-tissue,box-tissue/box-tissue-premium-191880150-2ply.png,6,"56,965,112,153",高级191880150-2抽纸
box-tissue,box-tissue/box-tissue-premium-191866120-3ply.png,6,"461,968,112,149",高级191866120-3抽纸
box-tissue,box-tissue/box-tissue-premium-191850180-3ply.png,6,"869,968,110,148",高级191850180-3抽纸
box-tissue,box-tissue/box-tissue-premium-191810090-3ply.png,6,"54,1231,113,144",高级191810090-3抽纸
box-tissue,box-tissue/box-tissue-premium-2020100100-2ply.png,6,"460,1231,110,144",高级2020100100-2抽纸
box-tissue,box-tissue/box-tissue-premium-192080100-2ply.png,6,"869,1232,112,143",高级192080100-2抽纸
box-tissue,box-tissue/box-tissue-premium-192090100-2ply.png,6,"50,1494,110,146",高级192090100-2抽纸
box-tissue,box-tissue/box-tissue-140x180.png,6,"459,1493,115,146",140*180抽纸
box-tissue,box-tissue/box-tissue-premium-202010090-3ply.png,6,"867,1492,112,145",高级202010090-3抽纸
small-roll-paper,small-roll-paper/small-roll-paper-40g-4ply.png,7,"58,213,129,142",四层40克小卷纸
small-roll-paper,small-roll-paper/small-roll-paper-70g-4ply.png,7,"466,213,129,142",四层70克小卷纸
small-roll-paper,small-roll-paper/small-roll-paper-50g-4ply.png,7,"873,213,129,141",四层50克小卷纸
small-roll-paper,small-roll-paper/small-roll-paper-40g-4ply-alt.png,7,"60,442,129,142",四层40克小卷纸
small-roll-paper,small-roll-paper/small-roll-paper-60g-4ply.png,7,"467,442,129,142",四层60克小卷纸
small-roll-paper,small-roll-paper/small-roll-paper-80g-10roll-10pack.png,7,"874,442,129,142",10卷10提80克小卷纸
small-roll-paper,small-roll-paper/small-roll-paper-100g-4ply.png,7,"59,670,122,141",四层100克小卷纸
small-roll-paper,small-roll-paper/small-roll-paper-130g-individual-pack.png,7,"465,672,112,141",独立包装130克小卷纸
small-roll-paper,small-roll-paper/small-roll-paper-80g-10roll-10pack-individual.png,7,"872,672,114,141",独立包装10卷10提80克小卷纸
small-roll-paper,small-roll-paper/small-roll-paper-laizi-80g.png,7,"59,904,111,136",莱子款80克小卷纸
small-roll-paper,small-roll-paper/small-roll-paper-element-80g.png,7,"465,913,112,127",ELEMENT80小卷纸
small-roll-paper,small-roll-paper/small-roll-paper-100g-individual-pack.png,7,"872,905,110,135",独立包装100克小卷纸
small-roll-paper,small-roll-paper/small-roll-paper-hotel-80100-3-sample.png,7,"60,1142,109,125",Hotel80100-3(范例)
small-roll-paper,small-roll-paper/small-roll-paper-kraft-100g.png,7,"466,1140,125,129",本色纸100克小卷纸
small-roll-paper,small-roll-paper/small-roll-paper-kraft-130g-individual-pack.png,7,"872,1151,108,118",本色纸独立包装130克小卷纸
small-roll-paper,small-roll-paper/small-roll-paper-kraft-50g.png,7,"60,1363,127,137",本色纸50克小卷纸
small-roll-paper,small-roll-paper/small-roll-paper-kraft-170g-individual-pack.png,7,"466,1378,108,123",本色纸独立包装170克小卷纸
small-roll-paper,small-roll-paper/small-roll-paper-kraft-80g.png,7,"871,1369,117,132",本色纸80克小卷纸
small-roll-paper,small-roll-paper/small-roll-paper-yibeizhi-new-14080-4.png,7,"59,1595,111,135",伊贝芝（新款）14080-4
small-roll-paper,small-roll-paper/small-roll-paper-green-rose-14080-3.png,7,"466,1595,104,135",绿ROSE14080-3
small-roll-paper,small-roll-paper/small-roll-paper-yibeizhi-new-14080bzx-4.png,7,"871,1607,113,123",伊贝芝（新款）14080BZX-4
small-roll-paper,small-roll-paper/small-roll-paper-ibez-14080-3.png,8,"61,218,109,147",IBEZ14080-3
small-roll-paper,small-roll-paper/small-roll-paper-lovingdays-16080-3-sample.png,8,"460,215,102,148",LovingDays16080-3(范例)
small-roll-paper,small-roll-paper/small-roll-paper-rose-pink-14080-3.png,8,"866,213,100,147",玫红色ROSE14080-3
large-roll-paper,large-roll-paper/large-roll-paper-600904app.png,8,"95,600,226,210",600904APP大卷纸
large-roll-paper,large-roll-paper/large-roll-paper-baoshijie-800g.png,8,"690,650,180,250",保士洁800克大卷纸
large-roll-paper,large-roll-paper/large-roll-paper-baoshijie-850g.png,8,"75,1050,220,220",保士洁850克大卷纸
large-roll-paper,large-roll-paper/large-roll-paper-jrt-700g.png,8,"720,1040,210,250",JRT700克大卷纸
large-roll-paper,large-roll-paper/large-roll-paper-hand-towel-roll-1300g-center-pull.png,8,"70,1415,250,240",1300克卷装擦手纸（中抽）
large-roll-paper,large-roll-paper/large-roll-paper-baoshijie-700g.png,8,"700,1415,220,240",保士洁700克大卷纸
hand-towel,hand-towel/hand-towel-baoshijie-a051.png,9,"57,228,143,148",保士洁A051擦手纸
hand-towel,hand-towel/hand-towel-baoshijie-a002.png,9,"461,213,138,148",保士洁A002擦手纸
hand-towel,hand-towel/hand-towel-baoshijie-a081.png,9,"871,214,136,149",保士洁A081擦手纸
hand-towel,hand-towel/hand-towel-baoshijie-halfcut-a002.png,9,"57,439,143,148",保士洁半切A002擦手纸
hand-towel,hand-towel/hand-towel-baoshijie-large-sealed-200sheets.png,9,"456,441,125,149",保士洁全封大尺寸200抽擦手纸
hand-towel,hand-towel/hand-towel-baoshijie-230csz.png,9,"876,439,137,148",保士洁230CSZ擦手纸
custom-box-tissue,custom-box-tissue/custom-box-tissue-display-page9.png,9,"610,1040,520,520",盒装抽纸展示图
custom-box-tissue,custom-box-tissue/custom-box-tissue-case-blue-red.png,9,"123,1238,110,76",客户定制案例-蓝红盒
custom-box-tissue,custom-box-tissue/custom-box-tissue-case-landscape.png,9,"253,1240,112,76",客户定制案例-风景盒
custom-box-tissue,custom-box-tissue/custom-box-tissue-case-blue-white.png,9,"382,1240,112,76",客户定制案例-蓝白盒
custom-box-tissue,custom-box-tissue/custom-box-tissue-case-green.png,9,"123,1375,112,78",客户定制案例-绿色盒
custom-box-tissue,custom-box-tissue/custom-box-tissue-case-cream.png,9,"253,1375,112,78",客户定制案例-米色盒
custom-box-tissue,custom-box-tissue/custom-box-tissue-case-red.png,9,"382,1375,112,78",客户定制案例-红色盒
custom-box-tissue,custom-box-tissue/custom-box-tissue-case-red-white.png,9,"123,1510,112,78",客户定制案例-红白盒
custom-box-tissue,custom-box-tissue/custom-box-tissue-case-sky-blue.png,9,"253,1510,112,78",客户定制案例-天蓝盒
custom-box-tissue,custom-box-tissue/custom-box-tissue-case-purple.png,9,"382,1510,112,78",客户定制案例-紫色盒
custom-box-tissue,custom-box-tissue/custom-box-tissue-main-boxed-paper-drawer.png,10,"65,150,650,720",盒装抽纸大图
custom-box-tissue,custom-box-tissue/custom-box-tissue-case-beijing-duck.png,10,"135,1170,160,130",客户定制案例-北京烤鸭
custom-box-tissue,custom-box-tissue/custom-box-tissue-case-orange.png,10,"330,1170,160,130",客户定制案例-橙色盒
custom-box-tissue,custom-box-tissue/custom-box-tissue-case-white-red.png,10,"525,1170,160,130",客户定制案例-白红盒
custom-box-tissue,custom-box-tissue/custom-box-tissue-case-brown-small-pack.png,10,"720,1170,160,130",客户定制案例-棕色小盒
custom-box-tissue,custom-box-tissue/custom-box-tissue-case-green-white.png,10,"110,1370,180,140",客户定制案例-绿白盒
custom-box-tissue,custom-box-tissue/custom-box-tissue-case-checkerboard.png,10,"310,1370,180,140",客户定制案例-棋盘格盒
custom-box-tissue,custom-box-tissue/custom-box-tissue-case-food-red.png,10,"520,1370,180,140",客户定制案例-食品红盒
custom-box-tissue,custom-box-tissue/custom-box-tissue-case-pink-small-pack.png,10,"735,1370,160,140",客户定制案例-粉色小盒
custom-box-tissue,custom-box-tissue/custom-box-tissue-case-blue-small-pack.png,10,"900,1290,170,130",客户定制案例-蓝色小盒
